{"cameraMode":{"drawMode":0,"name":"Shaded","section":"Shading Mode"},"sceneLighting":false,"audioPlay":false,"sceneViewState":{"m_AlwaysRefresh":false,"showFog":true,"showSkybox":false,"showFlares":true,"showImageEffects":true,"showParticleSystems":true,"showVisualEffectGraphs":true,"m_FxEnabled":true},"in2DMode":false,"pivot":{"x":7.183578968048096,"y":-0.7469722628593445,"z":-14.647887229919434},"rotation":{"x":-0.019045347347855569,"y":0.816474437713623,"z":-0.027328597381711007,"w":-0.5766235589981079},"size":0.8438311815261841,"orthographic":false}