{"cameraMode":{"drawMode":0,"name":"Shaded","section":"Shading Mode"},"sceneLighting":true,"audioPlay":false,"sceneViewState":{"m_AlwaysRefresh":false,"showFog":true,"showSkybox":true,"showFlares":true,"showImageEffects":true,"showParticleSystems":true,"showVisualEffectGraphs":true,"m_FxEnabled":true},"in2DMode":false,"pivot":{"x":-0.32099997997283938,"y":-1.9609999656677247,"z":-18.110000610351564},"rotation":{"x":0.22802025079727174,"y":-0.6649123430252075,"z":0.2246345728635788,"w":0.6748853921890259},"size":0.8660253882408142,"orthographic":false}